ts,equity,cash,btc,practice
1790497800000,1000.00,1000.00,84749.0,1000.00
1790498700000,1000.00,1000.00,84800.0,999.03
1790499600000,1000.00,1000.00,84658.0,998.38
1790500500000,1000.00,1000.00,84700.59,998.38
1790501400000,1000.00,1000.00,84804.24,999.44
1790502300000,1000.00,1000.00,84944.01,999.20
1790503200000,1000.00,1000.00,85032.41,999.93
1790504100000,1000.00,1000.00,84930.0,999.44
1790505000000,1000.00,1000.00,84858.01,999.03
1790505900000,1000.00,1000.00,84883.0,998.87
1790506800000,1000.00,1000.00,84910.02,999.03
1790507700000,1000.00,1000.00,84905.55,999.52
